Tx1,Ty1,Tz1,Qo1,Qx1,Qy1,Qz1,error,time,sensorStat,frame
88.6330795288086,68.7724456787109,-101.689544677734,0.636523365974426,0.733820021152496,-0.17794768512249,-0.15710137784481,0.0465346463024616,0.1410758,01,1568
88.6281127929688,68.7699966430664,-101.696098327637,0.63658595085144,0.733769178390503,-0.177998140454292,-0.157028689980507,0.0472322516143322,0.0491406,01,1624
88.6367340087891,68.7704925537109,-101.695137023926,0.636552512645721,0.733798325061798,-0.17799000442028,-0.157037690281868,0.0472545400261879,0.042602,01,1648
88.6412963867188,68.7687606811523,-101.689987182617,0.636536061763763,0.733805239200592,-0.178022190928459,-0.157035514712334,0.0476802699267864,0.0356928,01,1672
88.6364059448242,68.771484375,-101.689071655273,0.636544167995453,0.733803749084473,-0.178011640906334,-0.157020837068558,0.047973208129406,0.0529401,01,1696
88.6318359375,68.7700881958008,-101.69295501709,0.636566936969757,0.733782112598419,-0.178011283278465,-0.157029807567596,0.0478142760694027,0.0148669,01,1720
88.6319580078125,68.7695007324219,-101.694000244141,0.636556446552277,0.733787715435028,-0.178005918860435,-0.157053053379059,0.047443762421608,0.0130738,01,1736
88.6299285888672,68.7694473266602,-101.694297790527,0.636567890644073,0.733781158924103,-0.177998289465904,-0.157046243548393,0.0475736521184444,0.0136653,01,1744
88.6310348510742,68.7745895385742,-101.692314147949,0.636560380458832,0.733790695667267,-0.178035795688629,-0.156989723443985,0.0478213615715504,0.0153758,01,1760
88.6353607177734,68.7729415893555,-101.687759399414,0.636531114578247,0.733809292316437,-0.178009644150734,-0.157049298286438,0.0473081953823566,0.0160438,01,1768
88.6380386352539,68.7700576782227,-101.684104919434,0.636502206325531,0.733828604221344,-0.177958011627197,-0.157135769724846,0.0467076227068901,0.0134842,01,1776
88.6322326660156,68.7722930908203,-101.688301086426,0.636561214923859,0.733790874481201,-0.178036779165268,-0.156983286142349,0.0480193048715591,0.014374,01,1792
88.6358261108398,68.7725372314453,-101.686042785645,0.636554598808289,0.733794569969177,-0.178057417273521,-0.156970292329788,0.0482132211327553,0.016918,01,1800
88.6406097412109,68.7708969116211,-101.681739807129,0.636508405208588,0.733825623989105,-0.178006440401077,-0.157069504261017,0.0475128591060638,0.0150373,01,1816
88.6386642456055,68.7700119018555,-101.686630249023,0.636521458625793,0.733814477920532,-0.177998512983322,-0.157076790928841,0.0471564829349518,0.0143474,01,1832
88.6362686157227,68.7702331542969,-101.688034057617,0.636530101299286,0.733806550502777,-0.178007543087006,-0.157068908214569,0.0472575910389423,0.0156992,01,1840
88.6347198486328,68.7701568603516,-101.695587158203,0.63655012845993,0.733793020248413,-0.178014561533928,-0.157042801380157,0.0476250573992729,0.0142217,01,1856
88.6388549804688,68.7710189819336,-101.695892333984,0.636523842811584,0.733814835548401,-0.177972719073296,-0.15709425508976,0.0471200868487358,0.0136093,01,1864
88.6400833129883,68.7695770263672,-101.694946289062,0.636482179164886,0.733846485614777,-0.177881479263306,-0.157219916582108,0.0460256785154343,0.0136953,01,1880
88.6372909545898,68.7680740356445,-101.69554901123,0.636495113372803,0.733838617801666,-0.177869200706482,-0.157219648361206,0.0460880026221275,0.0158062,01,1888
88.6419372558594,68.7718276977539,-101.695991516113,0.636509358882904,0.733827412128448,-0.177956894040108,-0.157111302018166,0.0469377785921097,0.013745,01,1904
88.6412200927734,68.7710876464844,-101.695732116699,0.636508464813232,0.733827829360962,-0.177946627140045,-0.157126128673553,0.0468165539205074,0.0150349,01,1912
88.6440277099609,68.7684860229492,-101.696838378906,0.636498749256134,0.733832538127899,-0.177937120199203,-0.157155394554138,0.0467152185738087,0.015967,01,1920
88.6471557617188,68.7699890136719,-101.692024230957,0.636479377746582,0.733845710754395,-0.177950799465179,-0.157155558466911,0.046436969190836,0.0172092,01,1936
88.6436233520508,68.7697143554688,-101.688537597656,0.636507987976074,0.733818352222443,-0.178038388490677,-0.1570675522089,0.0471148453652859,0.0128665,01,1952
88.6416320800781,68.7702941894531,-101.690605163574,0.636525392532349,0.733805418014526,-0.178064689040184,-0.157028138637543,0.0473599210381508,0.0132942,01,1960
88.6360702514648,68.771240234375,-101.692260742188,0.636559426784515,0.733779609203339,-0.178104072809219,-0.156966134905815,0.0478267855942249,0.0134513,01,1976
88.637809753418,68.772705078125,-101.689392089844,0.636533677577972,0.73379909992218,-0.178089827299118,-0.156995877623558,0.0474377349019051,0.0279726,01,1984
88.6271057128906,68.775505065918,-101.687538146973,0.63656210899353,0.733792960643768,-0.178028881549835,-0.156978890299797,0.0479771569371223,0.0115868,01,2008
88.6278762817383,68.7757263183594,-101.685371398926,0.6365567445755,0.733791530132294,-0.178057715296745,-0.156975716352463,0.0477190650999546,0.0157751,01,2016
88.6289520263672,68.7729034423828,-101.683334350586,0.636544048786163,0.733801901340485,-0.178000465035439,-0.157043054699898,0.0472797080874443,0.0113063,01,2024
88.6290283203125,68.7734680175781,-101.685585021973,0.636532247066498,0.733817040920258,-0.177935868501663,-0.157091572880745,0.0469356663525105,0.0143742,01,2040
88.6337356567383,68.7732086181641,-101.680892944336,0.636497795581818,0.733843445777893,-0.177885591983795,-0.157165631651878,0.0463051572442055,0.0139091,01,2048
88.6382598876953,68.7729339599609,-101.677742004395,0.636472344398499,0.733859419822693,-0.177882328629494,-0.157198905944824,0.0459662862122059,0.0120481,01,2056
88.6354370117188,68.7693176269531,-101.684844970703,0.636513650417328,0.733828902244568,-0.177916973829269,-0.157134726643562,0.0463359802961349,0.0142465,01,2072
88.6360244750977,68.7714309692383,-101.684288024902,0.63652640581131,0.733818173408508,-0.177967265248299,-0.157074585556984,0.0464815758168697,0.0124009,01,2080
88.6415939331055,68.7674713134766,-101.68238067627,0.636507034301758,0.733825087547302,-0.177982583642006,-0.157105058431625,0.0460203774273396,0.0134097,01,2096
88.6410064697266,68.7679595947266,-101.68669128418,0.636522233486176,0.733812987804413,-0.178018778562546,-0.157057955861092,0.0463026575744152,0.0093428,01,2104
88.6391448974609,68.769287109375,-101.688499450684,0.636551976203918,0.733792006969452,-0.17806613445282,-0.156983584165573,0.0470781810581684,0.0127954,01,2112
88.6324768066406,68.7689361572266,-101.692626953125,0.636601030826569,0.733754634857178,-0.178115978837013,-0.156902238726616,0.0479957908391953,0.014018,01,2128
88.6293411254883,68.7670288085938,-101.698768615723,0.636609613895416,0.733750402927399,-0.178064569830894,-0.156945809721947,0.0480669513344765,0.0158521,01,2144
88.6261596679688,68.7695770263672,-101.699073791504,0.636602699756622,0.733758628368378,-0.178030535578728,-0.156973496079445,0.0477922745049,0.0171568,01,2152
88.6251373291016,68.7660446166992,-101.699813842773,0.636598408222198,0.733758926391602,-0.17799636721611,-0.157028809189796,0.0476667881011963,0.0169231,01,2168
88.6213836669922,68.7695236206055,-101.701370239258,0.636609137058258,0.733757555484772,-0.177984103560448,-0.157004371285439,0.0479838848114014,0.0123382,01,2184
88.6255569458008,68.7695846557617,-101.700065612793,0.636586546897888,0.733772158622742,-0.177977934479713,-0.157036677002907,0.0474319793283939,0.0131203,01,2192
88.6277694702148,68.7663650512695,-101.695861816406,0.636569321155548,0.733779668807983,-0.177969336509705,-0.157080188393593,0.0469233430922031,0.0155194,01,2208
88.6335144042969,68.7703475952148,-101.697418212891,0.636558890342712,0.733795762062073,-0.177961096167564,-0.157056838274002,0.0468179881572723,0.0279745,01,2224
88.6390075683594,68.7699127197266,-101.693458557129,0.636535227298737,0.733807265758514,-0.178003907203674,-0.157048672437668,0.0467986017465591,0.0133399,01,2240
88.6397399902344,68.7698974609375,-101.694488525391,0.636535823345184,0.733810544013977,-0.177991673350334,-0.157046720385551,0.0468614809215069,0.015,01,2248
88.6453094482422,68.7707901000977,-101.69229888916,0.636513352394104,0.733823895454407,-0.177995264530182,-0.157071620225906,0.0465188212692738,0.0168402,01,2264
88.6440963745117,68.7700500488281,-101.693618774414,0.636503756046295,0.733831524848938,-0.177957773208618,-0.157115817070007,0.0463446751236916,0.012644,01,2272
88.6402587890625,68.7721481323242,-101.699996948242,0.636526107788086,0.733820676803589,-0.177947163581848,-0.157087340950966,0.0466433390974998,0.0122777,01,2288
88.6399688720703,68.7741088867188,-101.699935913086,0.636518001556396,0.73382693529129,-0.177945956587791,-0.157093748450279,0.046541802585125,0.0146791,01,2296
88.6387252807617,68.766471862793,-101.699256896973,0.63652116060257,0.733813405036926,-0.177947342395782,-0.157142072916031,0.046109888702631,0.0155452,01,2312
88.6343002319336,68.765739440918,-101.70043182373,0.636543810367584,0.733800709247589,-0.177923128008842,-0.157136172056198,0.0461560413241386,0.0135109,01,2320
88.6339569091797,68.7697448730469,-101.698234558105,0.636544406414032,0.733801424503326,-0.177959576249123,-0.15708900988102,0.0463036075234413,0.0173494,01,2336
88.6327056884766,68.7697601318359,-101.697189331055,0.636537194252014,0.733809053897858,-0.177936106920242,-0.157109498977661,0.0463291183114052,0.0181335,01,2344
88.6287078857422,68.765754699707,-101.699104309082,0.636569678783417,0.733784556388855,-0.177952527999878,-0.157074704766273,0.0468198880553246,0.0140278,01,2360
88.6292724609375,68.7689590454102,-101.696769714355,0.636583805084229,0.733769774436951,-0.17804428935051,-0.156982555985451,0.0473017953336239,0.0151428,01,2376
88.6354446411133,68.7686386108398,-101.697776794434,0.636544942855835,0.733800411224365,-0.17798624932766,-0.157061845064163,0.0469338968396187,0.0109487,01,2392
88.6335372924805,68.773078918457,-101.700759887695,0.636551737785339,0.733797013759613,-0.178003877401352,-0.157030180096626,0.0469746142625809,0.0163064,01,2400
88.633056640625,68.7717819213867,-101.699272155762,0.636556446552277,0.733789801597595,-0.178029865026474,-0.157015904784203,0.0472817309200764,0.0138039,01,2416
88.634162902832,68.7693786621094,-101.700042724609,0.636554300785065,0.733789920806885,-0.178006008267403,-0.157050579786301,0.0471652112901211,0.0195661,01,2424
88.635009765625,68.7721786499023,-101.698394775391,0.63657408952713,0.733775079250336,-0.178093150258064,-0.156942635774612,0.0475719459354877,0.0116779,01,2440
88.6361541748047,68.7699432373047,-101.694725036621,0.636542797088623,0.733797669410706,-0.178023278713226,-0.157041728496552,0.0469161346554756,0.0144314,01,2456
88.6330490112305,68.7699279785156,-101.693519592285,0.636562287807465,0.733785331249237,-0.178033515810966,-0.157008498907089,0.0471103638410568,0.014582,01,2464
88.6374740600586,68.7698822021484,-101.68790435791,0.636557102203369,0.733783602714539,-0.178098037838936,-0.156963288784027,0.0475719608366489,0.0133863,01,2480
88.6402053833008,68.7674407958984,-101.685470581055,0.636534512042999,0.733798205852509,-0.178068712353706,-0.157021626830101,0.047246165573597,0.0157942,01,2488
88.6342315673828,68.7691268920898,-101.692604064941,0.636589586734772,0.733760058879852,-0.1781175583601,-0.156920552253723,0.0478154867887497,0.0141316,01,2504
88.6352920532227,68.7720947265625,-101.691032409668,0.636570930480957,0.733777344226837,-0.178082913160324,-0.156955555081367,0.0476328507065773,0.0149083,01,2512
88.6370315551758,68.7687149047852,-101.693962097168,0.636535406112671,0.733803451061249,-0.177984893321991,-0.157088443636894,0.0468326285481453,0.0122973,01,2528
88.6359481811523,68.7700119018555,-101.694458007812,0.636542558670044,0.733800709247589,-0.177992269396782,-0.157063558697701,0.0469956509768963,0.0132672,01,2536
88.6364440917969,68.7725067138672,-101.697151184082,0.636546015739441,0.733800113201141,-0.177996262907982,-0.157047107815742,0.0469805113971233,0.0110539,01,2552
88.6331558227539,68.7708358764648,-101.69645690918,0.636552512645721,0.733796179294586,-0.177975848317146,-0.157061636447906,0.0470186583697796,0.0144696,01,2560
88.6268005371094,68.7719802856445,-101.698356628418,0.636584877967834,0.733772695064545,-0.177996784448624,-0.157016918063164,0.0472454689443111,0.0101086,01,2576
88.6303863525391,68.771858215332,-101.695671081543,0.636572957038879,0.733778536319733,-0.178030148148537,-0.157001733779907,0.047194816172123,0.0145122,01,2584
88.6325759887695,68.7711410522461,-101.695007324219,0.636561095714569,0.733785033226013,-0.178041264414787,-0.157006949186325,0.0473093874752522,0.0111969,01,2592
88.6296844482422,68.7701416015625,-101.69416809082,0.636593282222748,0.73375791311264,-0.178097799420357,-0.15693873167038,0.0477308519184589,0.0155934,01,2608
88.6289367675781,68.7706146240234,-101.694778442383,0.636608004570007,0.733747482299805,-0.178117468953133,-0.156905114650726,0.0480416901409626,0.0186833,01,2616
88.630256652832,68.7702560424805,-101.68815612793,0.63658082485199,0.733765006065369,-0.17809285223484,-0.15696108341217,0.0476959310472012,0.0141275,01,2632
88.6288833618164,68.772575378418,-101.690696716309,0.636586010456085,0.733766198158264,-0.178086683154106,-0.15694172680378,0.0479734316468239,0.0133257,01,2648
88.6321258544922,68.7730178833008,-101.69026184082,0.636576175689697,0.733773052692413,-0.178090661764145,-0.156943917274475,0.0478949025273323,0.0122883,01,2656
88.6389617919922,68.7701416015625,-101.68692779541,0.636527240276337,0.733807861804962,-0.17803168296814,-0.157046750187874,0.0470067150890827,0.0122308,01,2672
88.6392135620117,68.7717590332031,-101.687515258789,0.636525690555573,0.733812987804413,-0.178021788597107,-0.157040551304817,0.047252357006073,0.0127921,01,2680
88.6424560546875,68.7736511230469,-101.68482208252,0.636487782001495,0.733840644359589,-0.177997067570686,-0.157093942165375,0.0466587506234646,0.013811,01,2696
88.6420822143555,68.7707214355469,-101.690383911133,0.636480987071991,0.733844697475433,-0.177956774830818,-0.157148912549019,0.0463308058679104,0.0117186,01,2704
88.6374130249023,68.7729949951172,-101.690910339355,0.636509001255035,0.733829736709595,-0.17796117067337,-0.157099068164825,0.0467545576393604,0.0133697,01,2720
88.6403198242188,68.7743148803711,-101.688301086426,0.636487424373627,0.733845591545105,-0.177963584661484,-0.157108664512634,0.0467563346028328,0.0130969,01,2728
88.6322937011719,68.7720794677734,-101.689231872559,0.636524438858032,0.733816683292389,-0.177962124347687,-0.157097354531288,0.0468385703861713,0.0149014,01,2744
88.6285247802734,68.7739639282227,-101.692481994629,0.636544644832611,0.733806729316711,-0.177969843149185,-0.157052010297775,0.0475278906524181,0.0119275,01,2752
88.6286392211914,68.7751693725586,-101.690284729004,0.63654887676239,0.733803868293762,-0.177990019321442,-0.157025367021561,0.0476490594446659,0.0151255,01,2760
88.6312484741211,68.7726211547852,-101.692047119141,0.636524379253387,0.733819544315338,-0.177946090698242,-0.157099351286888,0.0470494106411934,0.0122734,01,2776
88.6305770874023,68.7719039916992,-101.691047668457,0.636542499065399,0.733808040618896,-0.177948966622353,-0.157079637050629,0.0472637750208378,0.0140905,01,2792
88.6338806152344,68.7718887329102,-101.686645507812,0.636527299880981,0.733816623687744,-0.177961066365242,-0.157086744904518,0.0470650792121887,0.0121429,01,2800
88.6337814331055,68.768180847168,-101.690963745117,0.636529564857483,0.733813047409058,-0.177937373518944,-0.157120957970619,0.0467130430042744,0.0126702,01,2816
88.6328277587891,68.7679672241211,-101.691047668457,0.636548399925232,0.733799755573273,-0.177967339754105,-0.157072439789772,0.0472075268626213,0.0117348,01,2824
88.6365661621094,68.7682952880859,-101.68758392334,0.636525273323059,0.733814656734467,-0.177963405847549,-0.157099679112434,0.046932864934206,0.0153561,01,2840
88.6355819702148,68.7659912109375,-101.68675994873,0.636535465717316,0.733806550502777,-0.17796827852726,-0.157090380787849,0.0472709238529205,0.0133225,01,2848
88.6311492919922,68.7700042724609,-101.689956665039,0.636566400527954,0.733789443969727,-0.17799399793148,-0.157018899917603,0.047782190144062,0.0114497,01,2864
88.6333999633789,68.7721099853516,-101.690887451172,0.636560499668121,0.7337926030159,-0.178033143281937,-0.156981840729713,0.0479020066559315,0.0113317,01,2872
88.6297073364258,68.7718505859375,-101.696212768555,0.636581122875214,0.7337766289711,-0.178039625287056,-0.156966015696526,0.048211358487606,0.0148836,01,2888
88.6316146850586,68.7740173339844,-101.694671630859,0.636563360691071,0.733792245388031,-0.178028523921967,-0.156977951526642,0.0481254607439041,0.014194,01,2896
88.6373901367188,68.775146484375,-101.692016601562,0.636517763137817,0.733822464942932,-0.17800509929657,-0.157046929001808,0.0473975613713264,0.0138101,01,2912
88.6389312744141,68.7741928100586,-101.693298339844,0.636511385440826,0.733823895454407,-0.178010284900665,-0.157061040401459,0.0471762716770172,0.0119716,01,2920
88.6371536254883,68.7741851806641,-101.695655822754,0.636540055274963,0.733801603317261,-0.178054139018059,-0.156999602913857,0.047607459127903,0.0149338,01,2936
88.6401062011719,68.7727127075195,-101.693389892578,0.636530160903931,0.733805656433105,-0.178068906068802,-0.157005429267883,0.0476309135556221,0.0112771,01,2944
88.6428985595703,68.7700576782227,-101.691772460938,0.636487424373627,0.733839631080627,-0.177956074476242,-0.157146245241165,0.046596460044384,0.0112729,01,2960
88.6404647827148,68.7712326049805,-101.693313598633,0.636507630348206,0.73382580280304,-0.17798139154911,-0.15710112452507,0.0469427183270454,0.0119192,01,2968
88.6437301635742,68.7717590332031,-101.689346313477,0.6365025639534,0.733825325965881,-0.178033709526062,-0.157063722610474,0.0471016615629196,0.0139191,01,2984
88.6422271728516,68.7710418701172,-101.689155578613,0.636515021324158,0.733816683292389,-0.17805103957653,-0.157035604119301,0.0472718589007854,0.0129819,01,2992
88.6404876708984,68.7720108032227,-101.684959411621,0.636520445346832,0.733816504478455,-0.178055942058563,-0.157009765505791,0.0473276637494564,0.0137043,01,3008
88.6428756713867,68.7736663818359,-101.680061340332,0.636486351490021,0.73384290933609,-0.178019419312477,-0.157062843441963,0.0469842329621315,0.0127187,01,3016
88.6395950317383,68.7740249633789,-101.683731079102,0.636512219905853,0.733823239803314,-0.178031370043755,-0.157037600874901,0.0470125190913677,0.0107781,01,3040
88.6410140991211,68.775260925293,-101.679626464844,0.636504530906677,0.733827173709869,-0.178057879209518,-0.157021641731262,0.046930830925703,0.0163149,01,3048
88.6435546875,68.7704467773438,-101.678970336914,0.636475324630737,0.733840465545654,-0.178010299801826,-0.157129988074303,0.0459367781877518,0.0119716,01,3064
88.6405029296875,68.7717971801758,-101.68522644043,0.636508703231812,0.733820557594299,-0.178024932742119,-0.157070308923721,0.0465920642018318,0.0150386,01,3072
88.6427993774414,68.7733535766602,-101.687187194824,0.636492848396301,0.733831107616425,-0.17801296710968,-0.157099083065987,0.0464910343289375,0.0095366,01,3088
88.6418685913086,68.7714614868164,-101.688026428223,0.636487782001495,0.733833312988281,-0.177985027432442,-0.157140538096428,0.04609365016222,0.0148282,01,3096
88.6368713378906,68.7732086181641,-101.688102722168,0.63651317358017,0.733822584152222,-0.177990451455116,-0.157082766294479,0.0466138310730457,0.0097042,01,3112
88.6387786865234,68.7740631103516,-101.684799194336,0.63649308681488,0.733837723731995,-0.177976369857788,-0.157108992338181,0.0462913177907467,0.0134904,01,3120
88.6391983032227,68.7702178955078,-101.691055297852,0.636490821838379,0.73384165763855,-0.177912831306458,-0.157171994447708,0.046205747872591,0.0129168,01,3136
88.633659362793,68.7706451416016,-101.694229125977,0.636506199836731,0.733834862709045,-0.177868321537971,-0.157192394137383,0.0460079126060009,0.0119106,01,3144
88.6282119750977,68.7723999023438,-101.695220947266,0.636510193347931,0.733836054801941,-0.177820906043053,-0.157223239541054,0.0455333963036537,0.0125565,01,3160
88.6245956420898,68.77099609375,-101.695503234863,0.636535048484802,0.733816802501678,-0.177837044000626,-0.157194837927818,0.0457075908780098,0.0151811,01,3168
88.6234283447266,68.7747268676758,-101.702079772949,0.636576414108276,0.733787357807159,-0.17793670296669,-0.15705119073391,0.0465457066893578,0.0152701,01,3184
88.6286849975586,68.7722396850586,-101.699768066406,0.636559903621674,0.733792781829834,-0.177952587604523,-0.157075390219688,0.0463477373123169,0.0158079,01,3192
88.6271362304688,68.7707061767578,-101.701889038086,0.636577725410461,0.733779430389404,-0.177981704473495,-0.157033935189247,0.0469702556729317,0.016355,01,3208
88.6278305053711,68.7728118896484,-101.696701049805,0.636599361896515,0.733761548995972,-0.17807337641716,-0.156924322247505,0.0476530008018017,0.0147286,01,3224
88.6334915161133,68.7719268798828,-101.695190429688,0.636578619480133,0.733771204948425,-0.178091749548912,-0.156943097710609,0.0474431104958057,0.0146248,01,3232
88.6364517211914,68.7702255249023,-101.695587158203,0.636541485786438,0.733802378177643,-0.177999407052994,-0.157051041722298,0.0467448234558105,0.012346,01,3248
88.6371002197266,68.77001953125,-101.694450378418,0.636548817157745,0.733798801898956,-0.178007841110229,-0.157030448317528,0.0469017699360847,0.0130536,01,3256
88.6317367553711,68.7693252563477,-101.693168640137,0.636571884155273,0.733778655529022,-0.178018644452095,-0.157017648220062,0.0470938161015511,0.0136496,01,3272
88.6272964477539,68.7694320678711,-101.698928833008,0.636598110198975,0.733762085437775,-0.178020164370537,-0.156986609101295,0.0475262477993965,0.0147784,01,3280
88.6284027099609,68.769416809082,-101.697227478027,0.636585175991058,0.733771026134491,-0.177996426820755,-0.157024309039116,0.0470835156738758,0.0112279,01,3296
88.6282958984375,68.7696762084961,-101.698112487793,0.636574864387512,0.733781278133392,-0.177959278225899,-0.157060489058495,0.0469266064465046,0.0128395,01,3304
88.6195220947266,68.7701568603516,-101.702507019043,0.636632859706879,0.733741641044617,-0.178008228540421,-0.156955391168594,0.0479257814586163,0.01336,01,3320
88.6203079223633,68.7703170776367,-101.704414367676,0.636645555496216,0.733729124069214,-0.17806838452816,-0.156895458698273,0.0485097654163837,0.0138748,01,3328
88.6236724853516,68.7697982788086,-101.70581817627,0.636630773544312,0.733735620975494,-0.17808173596859,-0.156908646225929,0.0483778715133667,0.0156149,01,3336
88.6281127929688,68.7687530517578,-101.703491210938,0.636590719223022,0.733767926692963,-0.178034961223602,-0.156973570585251,0.0479993224143982,0.0138941,01,3352
88.6301498413086,68.768440246582,-101.70174407959,0.636586666107178,0.733768284320831,-0.178064227104187,-0.156956270337105,0.0481858737766743,0.0113693,01,3360
88.6310043334961,68.7702865600586,-101.697898864746,0.636571168899536,0.733780324459076,-0.178078204393387,-0.156946107745171,0.0483283549547195,0.0117348,01,3376
88.6299819946289,68.7701873779297,-101.699699401855,0.636569857597351,0.733781695365906,-0.178083524107933,-0.156938955187798,0.0482117384672165,0.0147185,01,3384
88.5560989379883,69.1754913330078,-99.3436126708984,0.645140945911407,0.727553308010101,-0.175912573933601,-0.153344467282295,0.109281830489635,0.0119517,01,3400
88.4117813110352,68.3902053833008,-98.43212890625,0.655417501926422,0.717463910579681,-0.180505946278572,-0.151957109570503,0.0485891327261925,0.0151404,01,3408
89.7507629394531,68.0486221313477,-96.546501159668,0.651292562484741,0.719436943531036,-0.182401388883591,-0.157982513308525,0.0711367279291153,0.0125773,01,3424
88.0287780761719,67.8189468383789,-98.056755065918,0.667399883270264,0.7075275182724,-0.183146417140961,-0.14296843111515,0.0670601204037666,0.0151984,01,3432
88.6417770385742,68.1630020141602,-97.6026611328125,0.658182561397552,0.714190304279327,-0.187852948904037,-0.146421760320663,0.0495375283062458,0.0134765,01,3448
88.7764053344727,68.260368347168,-97.5477905273438,0.657189309597015,0.715011715888977,-0.187443360686302,-0.147395357489586,0.0373049080371857,0.0156579,01,3464
88.7494964599609,68.2698516845703,-97.5737991333008,0.657317996025085,0.714953899383545,-0.187516838312149,-0.147007063031197,0.0399985089898109,0.0123927,01,3472
88.7449722290039,68.2575836181641,-97.5724182128906,0.657402873039246,0.714853048324585,-0.18766225874424,-0.146934360265732,0.0400628410279751,0.0132116,01,3480
89.6067504882812,68.3242340087891,-96.6474380493164,0.651446998119354,0.71671986579895,-0.190348327159882,-0.160304635763168,0.0355675593018532,0.0129149,01,3496
87.1875,69.3957443237305,-98.015739440918,0.668545961380005,0.692380428314209,-0.202479004859924,-0.180715709924698,0.082584910094738,0.0154493,01,3504
87.2957992553711,69.0264282226562,-94.5135650634766,0.680381596088409,0.657206892967224,-0.239077880978584,-0.21909487247467,0.0212845951318741,0.0119411,01,3520
86.6308364868164,69.652214050293,-93.4563293457031,0.687539935112,0.632587492465973,-0.249933779239655,-0.254275143146515,0.0367593020200729,0.0140394,01,3528
84.1660614013672,70.505485534668,-92.7853546142578,0.678539216518402,0.58218777179718,-0.240508750081062,-0.377885341644287,0.0620717369019985,0.0112921,01,3544
82.93896484375,70.850341796875,-91.9330520629883,0.669740438461304,0.582301676273346,-0.20252488553524,-0.413952529430389,0.0426363870501518,0.0136748,01,3552
78.4210815429688,71.3492736816406,-91.5371170043945,0.630034983158112,0.618251502513885,-0.147470310330391,-0.446176677942276,0.0537544004619122,0.0136166,01,3568
74.5788192749023,72.0409164428711,-90.8053894042969,0.620487451553345,0.631731271743774,-0.15183337032795,-0.439155697822571,0.0561013408005238,0.0118193,01,3576
69.6387557983398,71.8392562866211,-90.7158813476562,0.616027414798737,0.635190963745117,-0.169979378581047,-0.433762699365616,0.0625803023576736,0.0147153,01,3584
59.4529113769531,72.1645812988281,-89.2727813720703,0.590207695960999,0.660092830657959,-0.187580332159996,-0.425142765045166,0.0833806470036507,0.015702,01,3600
48.0435066223145,71.9679336547852,-88.6035766601562,0.572929739952087,0.672850489616394,-0.201220974326134,-0.422533601522446,0.0501694455742836,0.0156861,01,3616
42.3036193847656,72.1382675170898,-88.6249542236328,0.562871992588043,0.683179914951324,-0.21567714214325,-0.412218511104584,0.034544862806797,0.0115775,01,3624
35.4693832397461,70.6537780761719,-88.8637619018555,0.553765535354614,0.68473494052887,-0.218937188386917,-0.420176684856415,0.0681613236665726,0.0156429,01,3632
23.0159912109375,69.2790298461914,-89.0247573852539,0.533005058765411,0.69523674249649,-0.251318752765656,-0.411571055650711,0.0340349934995174,0.0132304,01,3648
17.1170520782471,68.2036361694336,-88.6656341552734,0.523293435573578,0.698503255844116,-0.26603776216507,-0.409244656562805,0.0369481332600117,0.0095253,01,3656
5.25891828536987,66.5310516357422,-87.9650955200195,0.50993549823761,0.696102380752563,-0.290715903043747,-0.413391321897507,0.024767953902483,0.0120739,01,3672
-0.107646472752094,65.434440612793,-88.9109802246094,0.505883693695068,0.692895591259003,-0.301731884479523,-0.415854960680008,0.0410062745213509,0.0148757,01,3680
-9.50421810150146,64.6525650024414,-89.5464172363281,0.498713850975037,0.710609018802643,-0.296683549880981,-0.397867888212204,0.0441251583397388,0.0118795,01,3696
-14.8247737884521,64.2529373168945,-89.4381637573242,0.500935971736908,0.709324240684509,-0.300483763217926,-0.394502490758896,0.0333622768521309,0.0125207,01,3704
-23.4498023986816,63.899528503418,-90.978385925293,0.50427234172821,0.710768938064575,-0.301948875188828,-0.386450558900833,0.0679556876420975,0.0117229,01,3720
-29.9293689727783,63.2090454101562,-90.5193252563477,0.50605183839798,0.702199935913086,-0.310886800289154,-0.39265313744545,0.0473075956106186,0.0145727,01,3728
-40.9021530151367,64.8222351074219,-90.9876251220703,0.516455411911011,0.677429556846619,-0.308151483535767,-0.423563659191132,0.0960952490568161,0.0123303,01,3744
-46.4369735717773,66.8788833618164,-92.5143280029297,0.51798689365387,0.656736016273499,-0.304626762866974,-0.455620676279068,0.114850126206875,0.0105047,01,3752
-52.9388771057129,67.0474472045898,-90.7159423828125,0.513253569602966,0.634542524814606,-0.305815845727921,-0.490309834480286,0.0831063091754913,0.0107098,01,3760
-60.3577766418457,69.5676193237305,-87.8433837890625,0.501230537891388,0.573805391788483,-0.282924056053162,-0.582640111446381,0.0466356761753559,0.0148281,01,3776
-59.6176872253418,73.7226181030273,-80.496223449707,0.527288317680359,0.41710165143013,-0.135356947779655,-0.727785527706146,0.0574771426618099,0.0109789,01,3792
-56.639533996582,76.7058868408203,-75.4088363647461,0.519780397415161,0.325914829969406,-0.0785677433013916,-0.785770416259766,0.0636196434497833,0.0140948,01,3800
-52.7268371582031,78.9774475097656,-70.7296447753906,0.510974764823914,0.249873533844948,-0.0317673534154892,-0.821863114833832,0.101678013801575,0.012068,01,3808
-40.7557144165039,80.030632019043,-65.5852966308594,0.539057672023773,0.15373606979847,0.0466584302484989,-0.826804280281067,0.101532183587551,0.0138578,01,3824
-40.7557144165039,80.030632019043,-65.5852966308594,0.539057672023773,0.15373606979847,0.0466584302484989,-0.826804280281067,0.101532183587551,0.0102432,02,3832
-16.1000499725342,76.2339859008789,-72.895263671875,0.598693430423737,0.073436051607132,0.142229527235031,-0.784821152687073,0.0663308948278427,0.0150407,01,3848
-9.29229640960693,76.3236312866211,-75.8043823242188,0.614020705223083,0.0648493394255638,0.156658232212067,-0.770863831043243,0.0751201882958412,0.0125064,01,3856
0.7530837059021,78.2671051025391,-78.2808227539062,0.65769237279892,0.0894526541233063,0.140278190374374,-0.734684467315674,0.0523200817406178,0.0135923,01,3872
0.7530837059021,78.2671051025391,-78.2808227539062,0.65769237279892,0.0894526541233063,0.140278190374374,-0.734684467315674,0.0523200817406178,0.0133082,02,3880
4.1439471244812,80.4375915527344,-75.3772201538086,0.71249520778656,0.173428863286972,0.0717514082789421,-0.67611026763916,0.0485039539635181,0.0150918,01,3888
2.94753265380859,81.1340789794922,-74.88720703125,0.727848708629608,0.262508928775787,0.0151279717683792,-0.633321940898895,0.0552764311432838,0.0129694,01,3904
2.26587629318237,81.1471710205078,-74.8240737915039,0.720266699790955,0.306944608688354,-0.0161279141902924,-0.621884703636169,0.05164959654212,0.0136087,01,3912
2.65584588050842,82.2537612915039,-76.9329833984375,0.651300668716431,0.429083585739136,-0.178642198443413,-0.599818408489227,0.0586674772202969,0.0124077,01,3928
1.96288156509399,83.0078048706055,-78.9902801513672,0.592676818370819,0.480583637952805,-0.249516487121582,-0.596251606941223,0.0934589058160782,0.0126809,01,3936
2.83722710609436,82.1180648803711,-82.1294784545898,0.512425601482391,0.546697556972504,-0.371534824371338,-0.548182725906372,0.0328856259584427,0.0108668,01,3952
1.96993923187256,81.6793975830078,-83.4000091552734,0.467931777238846,0.576126992702484,-0.419506222009659,-0.522621035575867,0.0316496677696705,0.015423,01,3960
-3.40206980705261,81.5830688476562,-86.1299514770508,0.387536227703094,0.626732349395752,-0.479930013418198,-0.47611939907074,0.0239823926240206,0.013828,01,3976
-8.87700462341309,81.8475494384766,-88.3012619018555,0.346457749605179,0.64918178319931,-0.499377310276031,-0.457331895828247,0.0164668802171946,0.0121366,01,3984
-21.0884876251221,80.7724075317383,-95.0933685302734,0.290577739477158,0.708242893218994,-0.514688074588776,-0.386073559522629,0.108758844435215,0.0114107,01,4000
-23.2547569274902,81.5905151367188,-100.317253112793,0.289057850837708,0.73203033208847,-0.505798935890198,-0.353192239999771,0.111382618546486,0.0133035,01,4008
-19.7707061767578,81.1714935302734,-105.41576385498,0.336076766252518,0.755308091640472,-0.455797225236893,-0.329866141080856,0.11190389841795,0.0116437,01,4024
-12.5577812194824,82.0281982421875,-107.026786804199,0.404230773448944,0.759740889072418,-0.39438208937645,-0.3222636282444,0.0731848031282425,0.0137792,01,4032
-1.88539481163025,83.5217514038086,-108.669052124023,0.472214132547379,0.763935446739197,-0.30669504404068,-0.315205723047256,0.111153088510036,0.0122184,01,4040
19.1550178527832,85.5370941162109,-108.015037536621,0.601752460002899,0.736020028591156,-0.120479077100754,-0.285751700401306,0.128604859113693,0.0135843,01,4056
39.7392311096191,87.697151184082,-110.291854858398,0.696648955345154,0.639324128627777,0.0361932814121246,-0.32347372174263,0.0456759855151176,0.0104499,01,4072
49.2761077880859,90.596321105957,-111.719818115234,0.709924578666687,0.619787096977234,0.0621149390935898,-0.328653752803802,0.036475844681263,0.0140376,01,4080
62.2692108154297,96.309928894043,-117.457466125488,0.710356414318085,0.590974688529968,0.141786754131317,-0.355021744966507,0.0370263047516346,0.0148656,01,4096
68.5349884033203,97.6714782714844,-118.80224609375,0.663987159729004,0.631902754306793,0.165996685624123,-0.363683760166168,0.0692294389009476,0.0125888,01,4104
83.5848236083984,93.1993942260742,-121.094482421875,0.626704514026642,0.695022761821747,0.216984555125237,-0.27767288684845,0.195012629032135,0.0121902,01,4120
83.8339614868164,93.6118774414062,-123.271217346191,0.654725432395935,0.708780884742737,0.184835687279701,-0.186546683311462,0.123103134334087,0.0144641,01,4128
86.5359802246094,91.4181442260742,-125.22435760498,0.628023743629456,0.748875081539154,0.144240081310272,-0.154814749956131,0.108509659767151,0.0131206,01,4144
85.7388000488281,90.5491333007812,-125.299507141113,0.614038407802582,0.76604551076889,0.13458026945591,-0.134239017963409,0.106646373867989,0.0136254,01,4152
86.7095794677734,91.6178894042969,-125.931922912598,0.564754605293274,0.80597710609436,0.130302563309669,-0.120311789214611,0.0721910670399666,0.0103647,01,4168
87.0917587280273,92.9123458862305,-126.336860656738,0.539133131504059,0.826145589351654,0.117370516061783,-0.114209026098251,0.096668004989624,0.0131388,01,4176
87.1530990600586,94.4930953979492,-127.028503417969,0.512164413928986,0.84613436460495,0.0874881744384766,-0.118702009320259,0.106192983686924,0.0123645,01,4192
86.8332138061523,94.9046249389648,-127.121246337891,0.508152484893799,0.848190009593964,0.0755196064710617,-0.129042223095894,0.107478715479374,0.0127861,01,4200
86.3085327148438,95.7321243286133,-127.029968261719,0.503327250480652,0.849060952663422,0.0457718670368195,-0.153828620910645,0.119823217391968,0.0130766,01,4216
86.7883834838867,96.264030456543,-126.94677734375,0.496573865413666,0.852715790271759,0.0221334099769592,-0.16062530875206,0.108305707573891,0.0134803,01,4224
87.3514862060547,97.7396087646484,-126.628616333008,0.482976078987122,0.858618319034576,-0.0243870615959167,-0.170041471719742,0.108104169368744,0.0140778,01,4240
87.5135040283203,98.3639526367188,-126.498519897461,0.474870443344116,0.860600113868713,-0.0409378707408905,-0.179416552186012,0.0946098938584328,0.0131256,01,4248
87.6106414794922,99.0233383178711,-126.693740844727,0.468330264091492,0.85946524143219,-0.073094367980957,-0.191427171230316,0.105553701519966,0.0131294,01,4264
87.8287200927734,99.3292465209961,-126.650131225586,0.46240970492363,0.860124945640564,-0.0847778618335724,-0.197927311062813,0.0742836892604828,0.0112326,01,4272
87.8248062133789,99.4543151855469,-126.545959472656,0.460816442966461,0.86024397611618,-0.0891104936599731,-0.199218168854713,0.0926678851246834,0.0151553,01,4288
87.7406234741211,99.3794631958008,-126.559104919434,0.462093770503998,0.860469341278076,-0.0826922953128815,-0.198050022125244,0.0894310250878334,0.0140041,01,4296
87.7497787475586,99.3427658081055,-126.647666931152,0.462338596582413,0.861232221126556,-0.0804578959941864,-0.195060059428215,0.0878364369273186,0.0163043,01,4304
87.7774429321289,99.3222122192383,-126.618576049805,0.462477803230286,0.861445188522339,-0.0804176330566406,-0.193803250789642,0.0930994674563408,0.0139753,01,4320
87.7095031738281,99.3698654174805,-126.635955810547,0.462279468774796,0.860893726348877,-0.0823021531105042,-0.195922434329987,0.0958274975419044,0.0145473,01,4328
87.884880065918,99.5951843261719,-126.608833312988,0.459577351808548,0.860868453979492,-0.0910831391811371,-0.198491156101227,0.0864902958273888,0.0112868,01,4344
87.7952117919922,99.55419921875,-126.433990478516,0.460051894187927,0.860249638557434,-0.0898479521274567,-0.200624898076057,0.0931931436061859,0.0154958,01,4352
87.8499145507812,99.5639495849609,-126.543846130371,0.45965513586998,0.861323893070221,-0.0881005227565765,-0.197677046060562,0.0853233113884926,0.0159727,01,4368
87.7755355834961,99.4844284057617,-126.653137207031,0.460818439722061,0.861489653587341,-0.08488929271698,-0.195641696453094,0.101131319999695,0.0128297,01,4384
87.8313217163086,99.4667282104492,-126.668899536133,0.460687071084976,0.861412763595581,-0.0858475565910339,-0.19587230682373,0.0971618145704269,0.0129294,01,4392
87.802619934082,99.5058670043945,-126.717002868652,0.459821224212646,0.861348628997803,-0.0874666571617126,-0.197467014193535,0.0846749842166901,0.0135929,01,4400
87.8210067749023,99.5230560302734,-126.585884094238,0.459677785634995,0.860607922077179,-0.0894568562507629,-0.200118914246559,0.0941897183656693,0.0148787,01,4416
87.9001235961914,99.5609283447266,-126.467544555664,0.459237307310104,0.861095607280731,-0.0897047221660614,-0.198919951915741,0.0918713584542274,0.0152321,01,4424
87.9175262451172,99.5088500976562,-126.532440185547,0.459078431129456,0.861948132514954,-0.0870490074157715,-0.196760028600693,0.0823061242699623,0.0130105,01,4440
87.8336486816406,99.5243225097656,-126.638771057129,0.459445059299469,0.861482203006744,-0.0878588855266571,-0.197586327791214,0.0899514108896255,0.0298782,01,4456
87.8197631835938,99.5280151367188,-126.605049133301,0.459479004144669,0.860984802246094,-0.0883944034576416,-0.199426755309105,0.0864434912800789,0.012193,01,4472
87.8046340942383,99.5705871582031,-126.652236938477,0.459643870592117,0.861084818840027,-0.0887669920921326,-0.198446169495583,0.0973985269665718,0.0115947,01,4480
87.8892974853516,99.5493621826172,-126.577613830566,0.459291249513626,0.861808061599731,-0.0878029465675354,-0.196542948484421,0.08900436013937,0.0106723,01,4496
87.8288803100586,99.5385055541992,-126.597770690918,0.459390848875046,0.861710906028748,-0.0878141522407532,-0.196732133626938,0.0915995612740517,0.0140484,01,4504
87.7403869628906,99.5774536132812,-126.670883178711,0.459650158882141,0.86108660697937,-0.088994026184082,-0.198323756456375,0.103510312736034,0.0121608,01,4520
87.7563400268555,99.5707702636719,-126.655052185059,0.459449112415314,0.861136198043823,-0.0883200168609619,-0.198872953653336,0.0951946973800659,0.013578,01,4528
87.8707656860352,99.551628112793,-126.555511474609,0.459141492843628,0.861472308635712,-0.0880041718482971,-0.198269039392471,0.0849152132868767,0.013585,01,4536
87.6402893066406,99.8385848999023,-126.926910400391,0.459463030099869,0.861609399318695,-0.0888043940067291,-0.19656440615654,0.107764005661011,0.0142049,01,4552
87.8414001464844,99.5446243286133,-126.619354248047,0.459380030632019,0.861527502536774,-0.0881035327911377,-0.197429209947586,0.0918291956186295,0.0146214,01,4560
87.8343887329102,99.561897277832,-126.60090637207,0.459313869476318,0.861485004425049,-0.0882091522216797,-0.197722211480141,0.0932725593447685,0.0112337,01,4592
87.8695678710938,99.5483322143555,-126.585273742676,0.459245353937149,0.861613750457764,-0.0881087779998779,-0.197364285588264,0.091539740562439,0.0130213,01,4608
87.8657379150391,99.5385437011719,-126.590744018555,0.459233790636063,0.861607611179352,-0.0880490839481354,-0.19744373857975,0.0902458280324936,0.0135991,01,4616
87.8428497314453,99.5499496459961,-126.588722229004,0.459190011024475,0.861549496650696,-0.0879977345466614,-0.197821468114853,0.0887019485235214,0.0146675,01,4632
87.8328247070312,99.5595474243164,-126.594024658203,0.459209561347961,0.861540794372559,-0.0880626142024994,-0.197786062955856,0.0902761518955231,0.0121093,01,4640
87.8590240478516,99.5603256225586,-126.585517883301,0.459167331457138,0.861644744873047,-0.0880665481090546,-0.197429075837135,0.0913516134023666,0.0122158,01,4656
87.8712310791016,99.5499649047852,-126.58625793457,0.459131896495819,0.861676394939423,-0.0879952907562256,-0.197404652833939,0.089894600212574,0.0151026,01,4664
87.85205078125,99.5529174804688,-126.599304199219,0.459106057882309,0.861633539199829,-0.0878717005252838,-0.197706431150436,0.0864382833242416,0.0146165,01,4680
87.8486785888672,99.559440612793,-126.587356567383,0.459125757217407,0.86166125535965,-0.0879794955253601,-0.19749116897583,0.0892356410622597,0.0172316,01,4704
87.8574676513672,99.5510940551758,-126.584922790527,0.459130823612213,0.861684679985046,-0.0880191028118134,-0.197358906269073,0.0896699130535126,0.0126357,01,4712
87.8635482788086,99.5411376953125,-126.572273254395,0.459091812372208,0.861681759357452,-0.0880126357078552,-0.197467088699341,0.0877761021256447,0.0141596,01,4728
87.8775939941406,99.5461730957031,-126.561950683594,0.458968579769135,0.861753523349762,-0.0879426300525665,-0.197471529245377,0.0879989117383957,0.0322804,01,4784
87.8735961914062,99.5589065551758,-126.573295593262,0.458967953920364,0.861781239509583,-0.0879393517971039,-0.197353541851044,0.0887743160128593,0.0126411,01,4808
87.8606109619141,99.5529479980469,-126.577812194824,0.458929091691971,0.861775815486908,-0.0877929031848907,-0.197532847523689,0.0858130902051926,0.0391072,01,4848
87.8624801635742,99.5516204833984,-126.582466125488,0.458985030651093,0.861789226531982,-0.0879836678504944,-0.197259426116943,0.0884679108858109,0.0142053,01,4864
87.8665237426758,99.5422592163086,-126.573280334473,0.458956867456436,0.861808061599731,-0.0879293978214264,-0.197266221046448,0.0880730524659157,0.0341623,01,4880
87.8701553344727,99.5511779785156,-126.573219299316,0.45893007516861,0.861803829669952,-0.0879972279071808,-0.197317212820053,0.0890193581581116,0.0140436,01,4904
87.8705520629883,99.5517730712891,-126.565277099609,0.458921849727631,0.861826479434967,-0.0879678726196289,-0.197250261902809,0.0885520949959755,0.013243,01,4912
87.8694305419922,99.5487365722656,-126.57421875,0.45891746878624,0.861842751502991,-0.08791783452034,-0.197211489081383,0.0884230807423592,0.0313745,01,4928
87.8630065917969,99.5507125854492,-126.574111938477,0.458882749080658,0.861838221549988,-0.0877752304077148,-0.197376236319542,0.0879577174782753,0.0376257,01,4952
87.8714065551758,99.5492172241211,-126.568336486816,0.45884758234024,0.861875891685486,-0.0877026915550232,-0.197326049208641,0.0873342007398605,0.012619,01,4968
87.8760375976562,99.5417404174805,-126.562286376953,0.458832889795303,0.861886501312256,-0.0877015590667725,-0.197313606739044,0.0859996974468231,0.0143015,01,4984
87.8750305175781,99.5404205322266,-126.569274902344,0.458844065666199,0.861870288848877,-0.0877465009689331,-0.197338908910751,0.0869978442788124,0.016415,01,4992
87.8794326782227,99.5425262451172,-126.564498901367,0.458849519491196,0.861868023872375,-0.0878545343875885,-0.197285816073418,0.0878728106617928,0.0175929,01,5008
87.8816299438477,99.5432357788086,-126.563888549805,0.458885252475739,0.861876547336578,-0.0879888832569122,-0.197107046842575,0.0885844156146049,0.0329788,01,5024
87.8781280517578,99.542610168457,-126.568588256836,0.458878219127655,0.861879706382751,-0.0879652202129364,-0.197119891643524,0.0881069302558899,0.0382185,01,5040
87.8695526123047,99.5530853271484,-126.571723937988,0.458872824907303,0.861879527568817,-0.0880234837532043,-0.197108387947083,0.089810386300087,0.0220285,01,5064
87.8703842163086,99.5524444580078,-126.564254760742,0.458834260702133,0.861914277076721,-0.0879102349281311,-0.197094887495041,0.0894543081521988,0.0142666,01,5080
87.8711166381836,99.5506439208984,-126.56916809082,0.458821922540665,0.861914753913879,-0.0879072248935699,-0.197125732898712,0.0893692150712013,0.0128281,01,5096
87.8732986450195,99.5538787841797,-126.56217956543,0.458780020475388,0.861930310726166,-0.0878725349903107,-0.19716802239418,0.0892483741044998,0.0131842,01,5104
87.8869323730469,99.5519027709961,-126.545761108398,0.45875009894371,0.861956179141998,-0.0878859162330627,-0.197119325399399,0.0890871807932854,0.0152226,01,5120
87.8866500854492,99.5491104125977,-126.555541992188,0.458771616220474,0.861955881118774,-0.0878761112689972,-0.197076976299286,0.0890786051750183,0.0132566,01,5128
87.885498046875,99.5456085205078,-126.559326171875,0.458797663450241,0.861949563026428,-0.0879034101963043,-0.197028920054436,0.0890253409743309,0.0351235,01,5144
87.8907165527344,99.5466766357422,-126.547637939453,0.458781063556671,0.86195570230484,-0.0879878103733063,-0.19700425863266,0.0881652012467384,0.0383015,01,5168
87.8903350830078,99.5461196899414,-126.553314208984,0.45878592133522,0.861967086791992,-0.0879291892051697,-0.196967199444771,0.0879754796624184,0.0135843,01,5184
87.8854675292969,99.5464172363281,-126.562599182129,0.458797931671143,0.861962258815765,-0.0879351198673248,-0.196959599852562,0.0874659642577171,0.0126206,01,5192
87.8824157714844,99.5502853393555,-126.561798095703,0.458770722150803,0.861968398094177,-0.0879305005073547,-0.196995556354523,0.0883867740631104,0.0120097,01,5208
87.889030456543,99.5510101318359,-126.558555603027,0.458746910095215,0.861982226371765,-0.0879020690917969,-0.197004958987236,0.0879582837224007,0.0141778,01,5216
87.8950500488281,99.5542755126953,-126.543739318848,0.458679974079132,0.862023711204529,-0.0877900719642639,-0.197029128670692,0.0874789506196976,0.0100668,01,5232
87.8984375,99.5501022338867,-126.544700622559,0.458682119846344,0.862019717693329,-0.0878247618675232,-0.197026550769806,0.0878041535615921,0.0131033,01,5240
87.8922805786133,99.5536880493164,-126.549278259277,0.458674639463425,0.862023115158081,-0.0878247916698456,-0.197028487920761,0.0886969417333603,0.0119891,01,5256
87.8906478881836,99.5550994873047,-126.552314758301,0.458677709102631,0.862024903297424,-0.0878186225891113,-0.197017893195152,0.088773213326931,0.0146629,01,5264
87.8992156982422,99.5538024902344,-126.538803100586,0.458631783723831,0.862052023410797,-0.0877702236175537,-0.19702610373497,0.0884765759110451,0.0115273,01,5280
87.9021606445312,99.5523834228516,-126.538276672363,0.458627730607986,0.86205780506134,-0.0877788662910461,-0.197006165981293,0.0884844958782196,0.0144344,01,5288
87.9056625366211,99.5542831420898,-126.542991638184,0.458611994981766,0.862069606781006,-0.0877686440944672,-0.196998104453087,0.0880760997533798,0.0148183,01,5304
87.908332824707,99.5546798706055,-126.543869018555,0.458596229553223,0.86207777261734,-0.0877466201782227,-0.197007417678833,0.0879626050591469,0.0136888,01,5312
87.904182434082,99.5613632202148,-126.554801940918,0.458611071109772,0.862078309059143,-0.0877559781074524,-0.196967780590057,0.0889771431684494,0.0115587,01,5320
87.9132080078125,99.5560073852539,-126.548789978027,0.458587467670441,0.862090110778809,-0.087756484746933,-0.196969509124756,0.0887355804443359,0.014384,01,5336
87.9106597900391,99.5574264526367,-126.549697875977,0.458570033311844,0.862094044685364,-0.0877100825309753,-0.19701275229454,0.0882799997925758,0.0250828,01,5352
87.8999862670898,99.5625,-126.568855285645,0.458602428436279,0.862078666687012,-0.087702214717865,-0.197010636329651,0.0882467105984688,0.0159525,01,5368
87.8949432373047,99.5604858398438,-126.576881408691,0.458639204502106,0.862061500549316,-0.0877959430217743,-0.196958377957344,0.0902770236134529,0.0134831,01,5384
87.8924942016602,99.5590515136719,-126.579528808594,0.458645552396774,0.862055540084839,-0.0878182351589203,-0.19695970416069,0.090683251619339,0.0133759,01,5392
87.8968200683594,99.5557250976562,-126.576148986816,0.458635717630386,0.862054646015167,-0.0878376662731171,-0.196975529193878,0.0898043438792229,0.0115587,01,5400
87.8862533569336,99.5596466064453,-126.593353271484,0.458667099475861,0.862040936946869,-0.0878154337406158,-0.196973562240601,0.0889332517981529,0.0118671,01,5416
87.8859100341797,99.5627288818359,-126.599235534668,0.458697706460953,0.862034022808075,-0.0879413187503815,-0.196876704692841,0.0905415266752243,0.0141568,01,5424
87.8808212280273,99.5624160766602,-126.591972351074,0.458689868450165,0.862043976783752,-0.0879657566547394,-0.196838483214378,0.0913688689470291,0.0123141,01,5440
87.8836441040039,99.5610198974609,-126.581382751465,0.458670973777771,0.86205267906189,-0.0879612267017365,-0.196848198771477,0.090949758887291,0.0255551,01,5448
87.871826171875,99.5673751831055,-126.582069396973,0.45868194103241,0.86205393075943,-0.087919294834137,-0.196836486458778,0.0905924215912819,0.0307289,01,5472
87.87548828125,99.566276550293,-126.569847106934,0.458662480115891,0.862074851989746,-0.0879439413547516,-0.19677859544754,0.0913062170147896,0.0168614,01,5488
87.8889389038086,99.5570907592773,-126.563575744629,0.458614856004715,0.862094819545746,-0.087794691324234,-0.196867972612381,0.089620366692543,0.0122027,01,5504
87.8909149169922,99.5592727661133,-126.56266784668,0.458619713783264,0.862094640731812,-0.0878267884254456,-0.19684337079525,0.0896569862961769,0.0131138,01,5512
87.8923187255859,99.5567169189453,-126.568962097168,0.458640158176422,0.862087666988373,-0.0878975093364716,-0.196795776486397,0.0909931361675262,0.0135219,01,5528
87.885368347168,99.5551528930664,-126.575065612793,0.45865872502327,0.862078070640564,-0.0879174470901489,-0.196783676743507,0.0910149589180946,0.0116369,01,5536
87.8835220336914,99.5580825805664,-126.57201385498,0.458653479814529,0.862084686756134,-0.0879124402999878,-0.196770891547203,0.0912105664610863,0.0140278,01,5544
87.8794021606445,99.5559768676758,-126.584663391113,0.458635866641998,0.862082600593567,-0.0878488421440125,-0.19684898853302,0.0903072953224182,0.0112728,01,5560
87.877815246582,99.5553665161133,-126.587913513184,0.458658158779144,0.862069189548492,-0.0878812670707703,-0.196840927004814,0.0902643799781799,0.018099,01,5568
87.869743347168,99.5581130981445,-126.582672119141,0.458656817674637,0.86207640171051,-0.0878913104534149,-0.196808874607086,0.0904240757226944,0.0121686,01,5584
87.8681259155273,99.556999206543,-126.582252502441,0.458639860153198,0.862083375453949,-0.087855339050293,-0.196833729743958,0.0901476368308067,0.0141958,01,5592
87.8621978759766,99.5597076416016,-126.582939147949,0.458624452352524,0.862085223197937,-0.0877916812896729,-0.196889847517014,0.0891607999801636,0.0142487,01,5608
87.876091003418,99.5550155639648,-126.568138122559,0.45858770608902,0.862119674682617,-0.0877359509468079,-0.196848914027214,0.0887515693902969,0.0249337,01,5640
